"method","cluster","mean","sd","lower","upper","width","true","bias","rmse"
"integrated",1,0.679408694031905,0.053729546344726,0.566012903936066,0.778379651875827,0.212366747939761,0.9,-0.220591305968095,0.227040499513016
"integrated",2,0.926589450670811,0.0233552268722629,0.877554464616734,0.967463031380284,0.0899085667635503,0.7,0.226589450670811,0.227789915882058
"integrated",3,0.353488007492829,0.0789915540819109,0.202472245221809,0.508766215552283,0.306293970330473,0.5,-0.146511992507171,0.166449480517954
"survival_only",1,0.560696455029086,0.277991739412168,0.0532680405077417,0.978655663120339,0.925387622612598,0.9,-0.339303544970914,0.438641428516769
"survival_only",2,0.691416462422437,0.260804180446569,0.0368553926593143,0.973858220927831,0.937002828268517,0.7,-0.00858353757756269,0.260945392095266
"survival_only",3,0.694030336567064,0.255978842503905,0.0801803451257124,0.969638999824723,0.88945865469901,0.5,0.194030336567064,0.321205447210919
